Name,Semi-major axis,Orbital period
Titania,435910,8.705872
Ophelia,53790,0.3764
Umbriel,266300,4.144177
Ariel,191020,2.520379
Miranda,129390,1.413479