Name,Semi-major axis,Orbital period
Portia,66090,0.513196
Puck,86010,0.761833
Mab,97700,0.923
Miranda,129390,1.413479
Ariel,191020,2.520379
Umbriel,266300,4.144177
Titania,435910,8.705872
Oberon,583520,13.463239
